{
  "state": "stopped",
  "scan_started_at": 1771437813.8642838,
  "scan_finished_at": 1771437819.350775,
  "poll_seconds": 120,
  "next_scan_at": 1771437939.3518255
}